{"cameraMode":{"drawMode":0,"name":"Shaded","section":"Shading Mode"},"sceneLighting":true,"audioPlay":false,"sceneViewState":{"m_AlwaysRefresh":true,"showFog":true,"showSkybox":true,"showFlares":true,"showImageEffects":true,"showParticleSystems":true,"showVisualEffectGraphs":true,"m_FxEnabled":true},"in2DMode":false,"pivot":{"x":2.6467559337615969,"y":1.9798293113708497,"z":-1.362137794494629},"rotation":{"x":0.03607103228569031,"y":0.17214742302894593,"z":-0.006248765625059605,"w":0.9845515489578247},"size":1.666363000869751,"orthographic":false}